,Date,Close,50sma,100sma,200sma,50_SMA_test,100_SMA_test,200_SMA_test
0,2020-01-02 00:00:00+00:00,216.16000366210938,,,,,,
1,2020-01-03 00:00:00+00:00,214.17999267578125,,,,,,
2,2020-01-06 00:00:00+00:00,215.55999755859375,,,,,,
3,2020-01-07 00:00:00+00:00,215.52999877929688,,,,,,
4,2020-01-08 00:00:00+00:00,217.14999389648438,,,,,,
5,2020-01-09 00:00:00+00:00,218.99000549316406,,,,,,
6,2020-01-10 00:00:00+00:00,218.42999267578125,,,,,,
7,2020-01-13 00:00:00+00:00,220.9499969482422,,,,,,
8,2020-01-14 00:00:00+00:00,220.0800018310547,,,,,,
9,2020-01-15 00:00:00+00:00,220.1699981689453,,,,,,
10,2020-01-16 00:00:00+00:00,222.27999877929688,,,,,,
11,2020-01-17 00:00:00+00:00,223.3800048828125,,,,,,
12,2020-01-21 00:00:00+00:00,223.27999877929688,,,,,,
13,2020-01-22 00:00:00+00:00,223.8699951171875,,,,,,
14,2020-01-23 00:00:00+00:00,224.58999633789062,,,,,,
15,2020-01-24 00:00:00+00:00,222.6999969482422,,,,,,
16,2020-01-27 00:00:00+00:00,218.10000610351562,,,,,,
17,2020-01-28 00:00:00+00:00,221.4499969482422,,,,,,
18,2020-01-29 00:00:00+00:00,221.80999755859375,,,,,,
19,2020-01-30 00:00:00+00:00,222.60000610351562,,,,,,
20,2020-01-31 00:00:00+00:00,219.07000732421875,,,,,,
21,2020-02-03 00:00:00+00:00,222.3800048828125,,,,,,
22,2020-02-04 00:00:00+00:00,227.47000122070312,,,,,,
23,2020-02-05 00:00:00+00:00,228.22000122070312,,,,,,
24,2020-02-06 00:00:00+00:00,230.19000244140625,,,,,,
25,2020-02-07 00:00:00+00:00,229.1999969482422,,,,,,
26,2020-02-10 00:00:00+00:00,231.97000122070312,,,,,,
27,2020-02-11 00:00:00+00:00,232.00999450683594,,,,,,
28,2020-02-12 00:00:00+00:00,234.27000427246094,,,,,,
29,2020-02-13 00:00:00+00:00,233.97000122070312,,,,,,
30,2020-02-14 00:00:00+00:00,234.63999938964844,,,,,,
31,2020-02-18 00:00:00+00:00,234.72999572753906,,,,,,
32,2020-02-19 00:00:00+00:00,236.97999572753906,,,,,,
33,2020-02-20 00:00:00+00:00,234.77999877929688,,,,,,
34,2020-02-21 00:00:00+00:00,230.27000427246094,,,,,,
35,2020-02-24 00:00:00+00:00,221.38999938964844,,,,,,
36,2020-02-25 00:00:00+00:00,215.3699951171875,,,,,,
37,2020-02-26 00:00:00+00:00,216.47999572753906,,,,,,
38,2020-02-27 00:00:00+00:00,205.63999938964844,,,,,,
39,2020-02-28 00:00:00+00:00,205.8000030517578,,,,,,
40,2020-03-02 00:00:00+00:00,216.4199981689453,,,,,,
41,2020-03-03 00:00:00+00:00,209.47999572753906,,,,,,
42,2020-03-04 00:00:00+00:00,218.22000122070312,,,,,,
43,2020-03-05 00:00:00+00:00,211.58999633789062,,,,,,
44,2020-03-06 00:00:00+00:00,208.02000427246094,,,,,,
45,2020-03-09 00:00:00+00:00,193.57000732421875,,,,,,
46,2020-03-10 00:00:00+00:00,204.11000061035156,,,,,,
47,2020-03-11 00:00:00+00:00,195.22000122070312,,,,,,
48,2020-03-12 00:00:00+00:00,177.32000732421875,,,,,,
49,2020-03-13 00:00:00+00:00,192.33999633789062,219.04759979248047,,,N,,
50,2020-03-16 00:00:00+00:00,169.3000030517578,218.11039978027344,,,N,,
51,2020-03-17 00:00:00+00:00,182.13999938964844,217.46959991455077,,,N,,
52,2020-03-18 00:00:00+00:00,176.60000610351562,216.69040008544923,,,N,,
53,2020-03-19 00:00:00+00:00,177.66000366210938,215.93300018310546,,,N,,
54,2020-03-20 00:00:00+00:00,170.6999969482422,215.00400024414063,,,N,,
55,2020-03-23 00:00:00+00:00,170.4600067138672,214.0334002685547,,,N,,
56,2020-03-24 00:00:00+00:00,183.66000366210938,213.33800048828124,,,N,,
57,2020-03-25 00:00:00+00:00,182.3000030517578,212.56500061035158,,,N,,
58,2020-03-26 00:00:00+00:00,191.89999389648438,212.00140045166015,,,N,,
59,2020-03-27 00:00:00+00:00,185.3000030517578,211.3040005493164,,,N,,
60,2020-03-30 00:00:00+00:00,192.0399932861328,210.69920043945314,,,N,,
61,2020-03-31 00:00:00+00:00,190.39999389648438,210.03960021972657,,,N,,
62,2020-04-01 00:00:00+00:00,182.30999755859375,209.2202001953125,,,N,,
63,2020-04-02 00:00:00+00:00,186.00999450683594,208.46300018310546,,,N,,
64,2020-04-03 00:00:00+00:00,183.3699951171875,207.63860015869142,,,N,,
65,2020-04-06 00:00:00+00:00,196.47999572753906,207.11420013427735,,,N,,
66,2020-04-07 00:00:00+00:00,196.39999389648438,206.68019989013672,,,N,,
67,2020-04-08 00:00:00+00:00,200.57000732421875,206.26260009765625,,,N,,
68,2020-04-09 00:00:00+00:00,200.86000061035156,205.8436001586914,,,N,,
69,2020-04-13 00:00:00+00:00,203.02999877929688,205.45220001220704,,,N,,
70,2020-04-14 00:00:00+00:00,211.86000061035156,205.3079998779297,,,Y,,
71,2020-04-15 00:00:00+00:00,209.42999267578125,205.04899963378907,,,Y,,
72,2020-04-16 00:00:00+00:00,213.25,204.764599609375,,,Y,,
73,2020-04-17 00:00:00+00:00,215.2899932861328,204.5059994506836,,,Y,,
74,2020-04-20 00:00:00+00:00,212.74000549316406,204.15699951171874,,,Y,,
75,2020-04-21 00:00:00+00:00,204.88999938964844,203.67079956054687,,,Y,,
76,2020-04-22 00:00:00+00:00,210.97000122070312,203.25079956054688,,,Y,,
77,2020-04-23 00:00:00+00:00,210.52000427246094,202.82099975585936,,,Y,,
78,2020-04-24 00:00:00+00:00,213.83999633789062,202.41239959716796,,,Y,,
79,2020-04-27 00:00:00+00:00,215.55999755859375,202.04419952392578,,,Y,,
80,2020-04-28 00:00:00+00:00,211.5,201.5813995361328,,,Y,,
81,2020-04-29 00:00:00+00:00,219.0,201.26679962158204,,,Y,,
82,2020-04-30 00:00:00+00:00,218.91000366210938,200.90539978027343,,,Y,,
83,2020-05-01 00:00:00+00:00,212.74000549316406,200.46459991455077,,,Y,,
84,2020-05-04 00:00:00+00:00,215.22000122070312,200.16359985351562,,,Y,,
85,2020-05-05 00:00:00+00:00,217.66000366210938,200.08899993896483,,,Y,,
86,2020-05-06 00:00:00+00:00,219.0,200.16160003662108,,,Y,,
87,2020-05-07 00:00:00+00:00,221.82000732421875,200.2684002685547,,,Y,,
88,2020-05-08 00:00:00+00:00,224.86000061035156,200.65280029296875,,,Y,,
89,2020-05-11 00:00:00+00:00,226.8699951171875,201.07420013427733,,,Y,,
90,2020-05-12 00:00:00+00:00,222.1199951171875,201.1882000732422,,,Y,,
91,2020-05-13 00:00:00+00:00,219.33999633789062,201.38540008544922,,,Y,,
92,2020-05-14 00:00:00+00:00,221.8300018310547,201.45760009765624,,,Y,,
93,2020-05-15 00:00:00+00:00,223.27000427246094,201.69120025634766,,,Y,,
94,2020-05-18 00:00:00+00:00,227.42999267578125,202.07940002441407,,,Y,,
95,2020-05-19 00:00:00+00:00,226.86000061035156,202.74519989013672,,,Y,,
96,2020-05-20 00:00:00+00:00,231.38999938964844,203.29079986572265,,,Y,,
97,2020-05-21 00:00:00+00:00,228.8699951171875,203.96379974365234,,,Y,,
98,2020-05-22 00:00:00+00:00,229.66000366210938,205.01059967041016,,,Y,,
99,2020-05-26 00:00:00+00:00,229.0399932861328,205.744599609375,212.39609970092772,,Y,Y,
100,2020-05-27 00:00:00+00:00,230.2899932861328,206.9643994140625,212.53739959716796,,Y,Y,
101,2020-05-28 00:00:00+00:00,229.99000549316406,207.9213995361328,212.6954997253418,,Y,Y,
102,2020-05-29 00:00:00+00:00,233.36000061035156,209.05659942626954,212.87349975585937,,Y,Y,
103,2020-06-01 00:00:00+00:00,234.05999755859375,210.18459930419922,213.05879974365234,,Y,Y,
104,2020-06-02 00:00:00+00:00,235.6300048828125,211.48319946289064,213.24359985351563,,Y,Y,
105,2020-06-03 00:00:00+00:00,236.69000244140625,212.8077993774414,213.42059982299804,,Y,Y,
106,2020-06-04 00:00:00+00:00,235.02999877929688,213.83519927978514,213.5865998840332,,Y,Y,
107,2020-06-05 00:00:00+00:00,239.69000244140625,214.98299926757812,213.77399993896483,,Y,Y,
108,2020-06-08 00:00:00+00:00,241.5500030517578,215.9759994506836,213.98869995117187,,Y,Y,
109,2020-06-09 00:00:00+00:00,243.3000030517578,217.13599945068358,214.22,,Y,Y,
110,2020-06-10 00:00:00+00:00,246.22000122070312,218.219599609375,214.45940002441407,,Y,Y,
111,2020-06-11 00:00:00+00:00,234.02000427246094,219.09199981689454,214.56580001831054,,Y,Y,
112,2020-06-12 00:00:00+00:00,235.8800048828125,220.1633999633789,214.6918000793457,,Y,Y,
113,2020-06-15 00:00:00+00:00,238.75,221.2182000732422,214.84060012817383,,Y,Y,
114,2020-06-16 00:00:00+00:00,242.85000610351562,222.40780029296874,215.02320022583007,,Y,Y,
115,2020-06-17 00:00:00+00:00,243.6199951171875,223.3506002807617,215.23240020751953,,Y,Y,
116,2020-06-18 00:00:00+00:00,244.27999877929688,224.30820037841798,215.49420013427735,,Y,Y,
117,2020-06-19 00:00:00+00:00,244.24000549316406,225.18160034179687,215.72210021972657,,Y,Y,
118,2020-06-22 00:00:00+00:00,246.74000549316406,226.0992004394531,215.97140029907226,,Y,Y,
119,2020-06-23 00:00:00+00:00,248.83999633789062,227.015400390625,216.23380020141602,,Y,Y,
120,2020-06-24 00:00:00+00:00,243.7100067138672,227.65240051269532,216.4802001953125,,Y,Y,
121,2020-06-25 00:00:00+00:00,246.02999877929688,228.38440063476563,216.71670013427735,,Y,Y,
122,2020-06-26 00:00:00+00:00,240.22000122070312,228.92380065917968,216.84420013427734,,Y,Y,
123,2020-06-29 00:00:00+00:00,242.83999633789062,229.47480072021483,216.9904000854492,,Y,Y,
124,2020-06-30 00:00:00+00:00,247.60000610351562,230.17200073242188,217.1645001220703,,Y,Y,
125,2020-07-01 00:00:00+00:00,250.49000549316406,231.0840008544922,217.37740020751954,,Y,Y,
126,2020-07-02 00:00:00+00:00,252.19000244140625,231.90840087890626,217.57960021972656,,Y,Y,
127,2020-07-06 00:00:00+00:00,258.3900146484375,232.8658010864258,217.84340042114258,,Y,Y,
128,2020-07-07 00:00:00+00:00,256.6099853515625,233.7212008666992,218.0668002319336,,Y,Y,
129,2020-07-08 00:00:00+00:00,259.989990234375,234.60980072021485,218.3270001220703,,Y,Y,
130,2020-07-09 00:00:00+00:00,262.17999267578125,235.62340057373046,218.60240005493165,,Y,Y,
131,2020-07-10 00:00:00+00:00,263.9700012207031,236.52280059814453,218.89480010986327,,Y,Y,
132,2020-07-13 00:00:00+00:00,258.5400085449219,237.31540069580078,219.1104002380371,,Y,Y,
133,2020-07-14 00:00:00+00:00,260.3699951171875,238.26800048828125,219.366300201416,,Y,Y,
134,2020-07-15 00:00:00+00:00,260.8999938964844,239.18160034179687,219.67260009765624,,Y,Y,
135,2020-07-16 00:00:00+00:00,259.1199951171875,240.01080017089845,220.04990005493164,,Y,Y,
136,2020-07-17 00:00:00+00:00,259.4200134277344,240.8192004394531,220.4904002380371,,Y,Y,
137,2020-07-20 00:00:00+00:00,266.7799987792969,241.7184002685547,220.9934002685547,,Y,Y,
138,2020-07-21 00:00:00+00:00,264.0,242.50120025634766,221.5770002746582,,Y,Y,
139,2020-07-22 00:00:00+00:00,264.92999267578125,243.26240020751953,222.16830017089845,,Y,Y,
140,2020-07-23 00:00:00+00:00,258.010009765625,243.98020050048828,222.58420028686524,,Y,Y,
141,2020-07-24 00:00:00+00:00,255.55999755859375,244.70460052490233,223.0450003051758,,Y,Y,
142,2020-07-27 00:00:00+00:00,260.1199951171875,245.470400390625,223.46400024414064,,Y,Y,
143,2020-07-28 00:00:00+00:00,256.80999755859375,246.14120025634764,223.91620025634765,,Y,Y,
144,2020-07-29 00:00:00+00:00,259.7699890136719,246.78800018310548,224.43370010375978,,Y,Y,
145,2020-07-30 00:00:00+00:00,261.1300048828125,247.47340026855468,225.1093000793457,,Y,Y,
146,2020-07-31 00:00:00+00:00,265.7900085449219,248.16140045166014,225.7261001586914,,Y,Y,
147,2020-08-03 00:00:00+00:00,269.3800048828125,248.97160064697266,226.4677001953125,,Y,Y,
148,2020-08-04 00:00:00+00:00,270.3800048828125,249.78600067138672,227.39830017089844,,Y,Y,
149,2020-08-05 00:00:00+00:00,271.04998779296875,250.62620056152343,228.18540008544923,,Y,Y,
150,2020-08-06 00:00:00+00:00,274.6400146484375,251.51320098876954,229.238800201416,,Y,Y,
151,2020-08-07 00:00:00+00:00,271.4700012207031,252.34280090332032,230.13210021972657,,Y,Y,
152,2020-08-10 00:00:00+00:00,270.30999755859375,253.08180084228516,231.06920013427734,,Y,Y,
153,2020-08-11 00:00:00+00:00,265.19000244140625,253.7044009399414,231.9445001220703,,Y,Y,
154,2020-08-12 00:00:00+00:00,271.8599853515625,254.4290005493164,232.95610000610353,,Y,Y,
155,2020-08-13 00:00:00+00:00,272.4800109863281,255.14480072021485,233.97630004882814,,Y,Y,
156,2020-08-14 00:00:00+00:00,272.1600036621094,255.88740081787108,234.86130004882813,,Y,Y,
157,2020-08-17 00:00:00+00:00,275.32000732421875,256.60000091552735,235.79150009155273,,Y,Y,
158,2020-08-18 00:00:00+00:00,277.9700012207031,257.3284008789062,236.65220016479492,,Y,Y,
159,2020-08-19 00:00:00+00:00,276.1000061035156,257.9844009399414,237.5602001953125,,Y,Y,
160,2020-08-20 00:00:00+00:00,279.92999267578125,258.65860076904295,238.43910018920897,,Y,Y,
161,2020-08-21 00:00:00+00:00,281.8699951171875,259.6156005859375,239.35380020141602,,Y,Y,
162,2020-08-24 00:00:00+00:00,283.6300048828125,260.5706005859375,240.3670002746582,,Y,Y,
163,2020-08-25 00:00:00+00:00,285.8599853515625,261.51280029296873,241.36550018310547,,Y,Y,
164,2020-08-26 00:00:00+00:00,291.9599914550781,262.495,242.4514001464844,,Y,Y,
165,2020-08-27 00:00:00+00:00,291.04998779296875,263.44359985351565,243.39710006713867,,Y,Y,
166,2020-08-28 00:00:00+00:00,292.5299987792969,264.4085998535156,244.3584001159668,,Y,Y,
167,2020-08-31 00:00:00+00:00,294.8800048828125,265.4213998413086,245.30150009155273,,Y,Y,
168,2020-09-01 00:00:00+00:00,299.9200134277344,266.485,246.29210021972656,,Y,Y,
169,2020-09-02 00:00:00+00:00,302.760009765625,267.5634002685547,247.28940032958985,,Y,Y,
170,2020-09-03 00:00:00+00:00,287.4100036621094,268.43740020751954,248.04490036010742,,Y,Y,
171,2020-09-04 00:00:00+00:00,283.5799865722656,269.1883999633789,248.78640029907226,,Y,Y,
172,2020-09-08 00:00:00+00:00,269.95001220703125,269.78300018310546,249.35340042114257,,Y,Y,
173,2020-09-09 00:00:00+00:00,277.8800048828125,270.4838003540039,249.97930053710937,,Y,Y,
174,2020-09-10 00:00:00+00:00,272.3399963378906,270.9786001586914,250.57530044555665,,Y,Y,
175,2020-09-11 00:00:00+00:00,270.45001220703125,271.37780029296874,251.23090057373048,,N,Y,
176,2020-09-14 00:00:00+00:00,275.1600036621094,271.83720031738284,251.87280059814452,,Y,Y,
177,2020-09-15 00:00:00+00:00,279.05999755859375,272.25059997558594,252.55820053100587,,Y,Y,
178,2020-09-16 00:00:00+00:00,274.6099853515625,272.61059997558596,253.16590042114257,,Y,Y,
179,2020-09-17 00:00:00+00:00,270.32000732421875,272.8172003173828,253.71350051879884,,N,Y,
180,2020-09-18 00:00:00+00:00,266.8699951171875,272.91100036621094,254.2672004699707,,N,Y,
181,2020-09-21 00:00:00+00:00,267.510009765625,272.9818005371094,254.75230056762695,,N,Y,
182,2020-09-22 00:00:00+00:00,272.4800109863281,273.2606005859375,255.28800064086914,,N,Y,
183,2020-09-23 00:00:00+00:00,264.1600036621094,273.3364007568359,255.8022006225586,,N,Y,
184,2020-09-24 00:00:00+00:00,265.3900146484375,273.426201171875,256.30390075683596,,N,Y,
185,2020-09-25 00:00:00+00:00,271.55999755859375,273.6750012207031,256.8429006958008,,N,Y,
186,2020-09-28 00:00:00+00:00,277.20001220703125,274.03060119628907,257.4249008178711,,Y,Y,
187,2020-09-29 00:00:00+00:00,275.95001220703125,274.21400146484376,257.96620086669924,,Y,Y,
188,2020-09-30 00:00:00+00:00,277.8399963378906,274.49080139160156,258.4960008239746,,Y,Y,
189,2020-10-01 00:00:00+00:00,282.25,274.83720153808594,259.04980087280273,,Y,Y,
190,2020-10-02 00:00:00+00:00,274.30999755859375,275.1632012939453,259.5717008972168,,N,Y,
191,2020-10-05 00:00:00+00:00,280.1600036621094,275.65520141601564,260.17990097045896,,Y,Y,
192,2020-10-06 00:00:00+00:00,275.1600036621094,275.95600158691406,260.71320098876953,,N,Y,
193,2020-10-07 00:00:00+00:00,279.9200134277344,276.4182019042969,261.27970108032224,,Y,Y,
194,2020-10-08 00:00:00+00:00,281.4100036621094,276.85100219726564,261.8195011901855,,Y,Y,
195,2020-10-09 00:00:00+00:00,285.7099914550781,277.34260192871096,262.40800109863284,,Y,Y,
196,2020-10-12 00:00:00+00:00,294.5299987792969,277.91740173339844,263.0394010925293,,Y,Y,
197,2020-10-13 00:00:00+00:00,294.5199890136719,278.42020141601563,263.69590103149415,,Y,Y,
198,2020-10-14 00:00:00+00:00,292.05999755859375,278.85380126953123,264.319900970459,,Y,Y,
199,2020-10-15 00:00:00+00:00,290.1000061035156,279.2348016357422,264.9305010986328,238.66330039978027,Y,Y,Y
200,2020-10-16 00:00:00+00:00,288.510009765625,279.51220153808595,265.51270126342774,239.02505043029785,Y,Y,Y
201,2020-10-19 00:00:00+00:00,283.79998779296875,279.75880126953126,266.0508010864258,239.3731504058838,Y,Y,Y
202,2020-10-20 00:00:00+00:00,284.4100036621094,280.0408013916016,266.56130111694335,239.71740043640136,Y,Y,Y
203,2020-10-21 00:00:00+00:00,284.19000244140625,280.4208013916016,267.06260116577147,240.0607004547119,Y,Y,Y
204,2020-10-22 00:00:00+00:00,284.17999267578125,280.6672015380859,267.5481010437012,240.3958504486084,Y,Y,Y
205,2020-10-23 00:00:00+00:00,284.739990234375,280.9124011230469,268.02860092163087,240.72460037231446,Y,Y,Y
206,2020-10-26 00:00:00+00:00,280.4700012207031,281.07860107421874,268.4830009460449,241.03480041503906,N,Y,Y
207,2020-10-27 00:00:00+00:00,282.6600036621094,281.22540100097655,268.91270095825195,241.3433504486084,Y,Y,Y
208,2020-10-28 00:00:00+00:00,271.6400146484375,281.09880126953124,269.21360107421873,241.6011505126953,N,Y,Y
209,2020-10-29 00:00:00+00:00,276.3900146484375,281.1046014404297,269.54450119018554,241.88225059509278,N,Y,Y
210,2020-10-30 00:00:00+00:00,269.3800048828125,280.8936016845703,269.77610122680665,242.11775062561034,N,N,Y
211,2020-11-02 00:00:00+00:00,269.9800109863281,280.65580200195313,270.1357012939453,242.35075065612793,N,N,Y
212,2020-11-03 00:00:00+00:00,274.6499938964844,280.47620178222655,270.52340118408205,242.60760063171386,N,Y,Y
213,2020-11-04 00:00:00+00:00,286.9100036621094,280.4972021484375,271.00500122070315,242.92280067443846,Y,Y,Y
214,2020-11-05 00:00:00+00:00,294.3900146484375,280.54580261230467,271.52040130615234,243.2718007659912,Y,Y,Y
215,2020-11-06 00:00:00+00:00,294.6099853515625,280.61700256347655,272.0303012084961,243.6313507080078,Y,Y,Y
216,2020-11-09 00:00:00+00:00,288.5899963378906,280.53820251464845,272.47340118408204,243.98380065917968,Y,Y,Y
217,2020-11-10 00:00:00+00:00,283.4200134277344,280.3090026855469,272.8652012634277,244.29365074157715,Y,Y,Y
218,2020-11-11 00:00:00+00:00,289.760009765625,280.1058026123047,273.29540130615237,244.6334008026123,Y,Y,Y
219,2020-11-12 00:00:00+00:00,288.3999938964844,279.8186022949219,273.6910012817383,244.96240074157714,Y,Y,Y
220,2020-11-13 00:00:00+00:00,290.92999267578125,279.8890020751953,274.16320114135743,245.32170066833496,Y,Y,Y
221,2020-11-16 00:00:00+00:00,293.20001220703125,280.08140258789064,274.6349012756348,245.67580070495606,Y,Y,Y
222,2020-11-17 00:00:00+00:00,292.2699890136719,280.5278021240234,275.15540115356447,245.9998006439209,Y,Y,Y
223,2020-11-18 00:00:00+00:00,290.1099853515625,280.77240173339845,275.6281010437012,246.3092505645752,Y,Y,Y
224,2020-11-19 00:00:00+00:00,292.3800048828125,281.1732019042969,276.07590103149414,246.62020057678222,Y,Y,Y
225,2020-11-20 00:00:00+00:00,290.3800048828125,281.5718017578125,276.4748010253906,246.92610061645507,Y,Y,Y
226,2020-11-23 00:00:00+00:00,290.3900146484375,281.87640197753905,276.85680114746094,247.21820068359375,Y,Y,Y
227,2020-11-24 00:00:00+00:00,294.4700012207031,282.1846020507812,277.2176010131836,247.53050071716308,Y,Y,Y
228,2020-11-25 00:00:00+00:00,296.2799987792969,282.6180023193359,277.61430114746094,247.84055068969727,Y,Y,Y
229,2020-11-27 00:00:00+00:00,299.010009765625,283.1918023681641,278.00450134277344,248.16575073242188,Y,Y,Y
230,2020-11-30 00:00:00+00:00,299.6199951171875,283.84680236816405,278.3789013671875,248.49065071105957,Y,Y,Y
231,2020-12-01 00:00:00+00:00,303.4599914550781,284.5658020019531,278.77380126953125,248.83430068969727,Y,Y,Y
232,2020-12-02 00:00:00+00:00,303.8500061035156,285.19320190429687,279.2269012451172,249.16865074157715,Y,Y,Y
233,2020-12-03 00:00:00+00:00,304.2799987792969,285.99560180664065,279.66600128173826,249.51615074157715,Y,Y,Y
234,2020-12-04 00:00:00+00:00,305.5199890136719,286.79820129394534,280.11220123291014,249.8924006652832,Y,Y,Y
235,2020-12-07 00:00:00+00:00,307.25,287.51200134277343,280.59350128173827,250.32170066833496,Y,Y,Y
236,2020-12-08 00:00:00+00:00,308.2900085449219,288.13380126953126,281.08220123291017,250.78630073547365,Y,Y,Y
237,2020-12-09 00:00:00+00:00,301.30999755859375,288.6410009765625,281.4275012207031,251.2104507446289,Y,Y,Y
238,2020-12-10 00:00:00+00:00,302.5199890136719,289.1346008300781,281.81270111083984,251.69485069274901,Y,Y,Y
239,2020-12-11 00:00:00+00:00,301.8500061035156,289.52660095214844,282.18190124511716,252.17510070800782,Y,Y,Y
240,2020-12-14 00:00:00+00:00,304.0400085449219,290.121201171875,282.64220123291017,252.6132007598877,Y,Y,Y
241,2020-12-15 00:00:00+00:00,307.2900085449219,290.66380126953123,283.1595013427734,253.1022508239746,Y,Y,Y
242,2020-12-16 00:00:00+00:00,308.9800109863281,291.34020141601565,283.64810150146485,253.55605087280273,Y,Y,Y
243,2020-12-17 00:00:00+00:00,311.0,291.96180114746096,284.1900015258789,254.05310089111327,Y,Y,Y
244,2020-12-18 00:00:00+00:00,310.05999755859375,292.5348010253906,284.6929016113281,254.56330085754394,Y,Y,Y
245,2020-12-21 00:00:00+00:00,308.9200134277344,292.99900146484373,285.17080169677735,255.14005088806152,Y,Y,Y
246,2020-12-22 00:00:00+00:00,309.760009765625,293.3036016845703,285.6105017089844,255.66830093383788,Y,Y,Y
247,2020-12-23 00:00:00+00:00,308.20001220703125,293.5772021484375,285.9987017822266,256.2332009887695,Y,Y,Y
248,2020-12-24 00:00:00+00:00,309.55999755859375,293.9272021484375,286.3905017089844,256.8944009399414,Y,Y,Y
249,2020-12-28 00:00:00+00:00,312.67999267578125,294.3788018798828,286.8068017578125,257.49610092163084,Y,Y,Y
250,2020-12-29 00:00:00+00:00,312.9599914550781,294.86780151367185,287.1900015258789,258.2144008636475,Y,Y,Y
251,2020-12-30 00:00:00+00:00,312.9700012207031,295.4512017822266,287.6050015258789,258.86855087280276,Y,Y,Y
252,2020-12-31 00:00:00+00:00,313.739990234375,296.03780151367187,288.0393014526367,259.554250793457,Y,Y,Y
253,2021-01-04 00:00:00+00:00,309.30999755859375,296.54020141601563,288.4805014038086,260.21250076293944,Y,Y,Y
254,2021-01-05 00:00:00+00:00,311.8599853515625,297.09380126953124,288.8805014038086,260.91830070495604,Y,Y,Y
255,2021-01-06 00:00:00+00:00,307.5400085449219,297.5498016357422,289.23110137939454,261.6037007141113,Y,Y,Y
256,2021-01-07 00:00:00+00:00,314.9800109863281,298.2400018310547,289.6593014526367,262.2603007507324,Y,Y,Y
257,2021-01-08 00:00:00+00:00,319.0299987792969,298.96740173339845,290.0964013671875,262.9439507293701,Y,Y,Y
258,2021-01-11 00:00:00+00:00,314.4200134277344,299.82300170898435,290.4609014892578,263.55655082702634,Y,Y,Y
259,2021-01-12 00:00:00+00:00,313.9200134277344,300.5736016845703,290.8391015625,264.19965087890625,Y,Y,Y
260,2021-01-13 00:00:00+00:00,316.0400085449219,301.5068017578125,291.20020172119143,264.8196509552002,Y,Y,Y
261,2021-01-14 00:00:00+00:00,314.3500061035156,302.3942016601562,291.5250018310547,265.43940101623537,Y,Y,Y
262,2021-01-15 00:00:00+00:00,311.8599853515625,303.13840148925783,291.8073016357422,266.0871509552002,Y,Y,Y
263,2021-01-19 00:00:00+00:00,316.4100036621094,303.7284014892578,292.11280181884763,266.73915100097656,Y,Y,Y
264,2021-01-20 00:00:00+00:00,323.7699890136719,304.3160009765625,292.43090179443357,267.441150970459,Y,Y,Y
265,2021-01-21 00:00:00+00:00,326.3599853515625,304.9510009765625,292.78400177001953,268.0905509185791,Y,Y,Y
266,2021-01-22 00:00:00+00:00,325.4200134277344,305.6876013183594,293.1129019165039,268.73565101623535,Y,Y,Y
267,2021-01-25 00:00:00+00:00,328.1099853515625,306.58140075683593,293.4452017211914,269.3733509063721,Y,Y,Y
268,2021-01-26 00:00:00+00:00,328.5899963378906,307.3580004882813,293.73190155029295,270.01200088500974,Y,Y,Y
269,2021-01-27 00:00:00+00:00,319.42999267578125,307.97860046386717,293.8986013793945,270.5940008544922,Y,Y,Y
270,2021-01-28 00:00:00+00:00,321.32000732421875,308.5864007568359,294.2377014160156,271.14130088806155,Y,Y,Y
271,2021-01-29 00:00:00+00:00,314.55999755859375,309.0136004638672,294.5475015258789,271.6669509124756,Y,Y,Y
272,2021-02-01 00:00:00+00:00,322.4200134277344,309.6166009521484,295.07220153808595,272.21280097961426,Y,Y,Y
273,2021-02-02 00:00:00+00:00,327.67999267578125,310.3680010986328,295.5702014160156,272.7747509765625,Y,Y,Y
274,2021-02-03 00:00:00+00:00,326.3800048828125,311.0480010986328,296.1106015014648,273.34295097351077,Y,Y,Y
275,2021-02-04 00:00:00+00:00,330.239990234375,311.84520080566404,296.7085012817383,273.9697009277344,Y,Y,Y
276,2021-02-05 00:00:00+00:00,331.3599853515625,312.66460021972654,297.2705010986328,274.5716508483887,Y,Y,Y
277,2021-02-08 00:00:00+00:00,333.5799865722656,313.4467999267578,297.81570098876955,275.1869507598877,Y,Y,Y
278,2021-02-09 00:00:00+00:00,333.510009765625,314.1914001464844,298.40470123291016,275.7853008270264,Y,Y,Y
279,2021-02-10 00:00:00+00:00,332.75,314.8661999511719,299.029001159668,276.3712508392334,Y,Y,Y
280,2021-02-11 00:00:00+00:00,334.5799865722656,315.5653997802734,299.70610107421874,276.9866507720947,Y,Y,Y
281,2021-02-12 00:00:00+00:00,336.45001220703125,316.2252001953125,300.3955010986328,277.57390083312987,Y,Y,Y
282,2021-02-16 00:00:00+00:00,335.5400085449219,316.85900024414065,301.02610107421873,278.15705085754394,Y,Y,Y
283,2021-02-17 00:00:00+00:00,333.92999267578125,317.45200012207033,301.72380096435546,278.763000793457,Y,Y,Y
284,2021-02-18 00:00:00+00:00,332.4700012207031,317.9910003662109,302.3946008300781,279.34925079345703,Y,Y,Y
285,2021-02-19 00:00:00+00:00,331.0199890136719,318.4664001464844,302.98920074462893,279.91605072021486,Y,Y,Y
286,2021-02-22 00:00:00+00:00,322.44000244140625,318.74940002441406,303.44160064697263,280.43325073242187,Y,Y,Y
287,2021-02-23 00:00:00+00:00,321.4800109863281,319.1528002929688,303.89690063476564,280.9315507507324,Y,Y,Y
288,2021-02-24 00:00:00+00:00,324.1300048828125,319.5850006103516,304.3598007202148,281.42790077209474,Y,Y,Y
289,2021-02-25 00:00:00+00:00,312.8299865722656,319.8046002197266,304.6656005859375,281.8577007293701,N,Y,Y
290,2021-02-26 00:00:00+00:00,314.1400146484375,320.00660034179685,305.06390075683595,282.31780082702636,N,Y,Y
291,2021-03-01 00:00:00+00:00,323.5899963378906,320.33260009765627,305.4982006835937,282.83905082702637,Y,Y,Y
292,2021-03-02 00:00:00+00:00,318.3999938964844,320.52099975585935,305.9306005859375,283.3219007873535,N,Y,Y
293,2021-03-03 00:00:00+00:00,309.1600036621094,320.48419982910156,306.22300048828123,283.75135078430174,N,Y,Y
294,2021-03-04 00:00:00+00:00,304.1000061035156,320.365,306.4499005126953,284.1347008514404,N,N,Y
295,2021-03-05 00:00:00+00:00,308.67999267578125,320.3601995849609,306.67960052490236,284.5438008117676,N,Y,Y
296,2021-03-08 00:00:00+00:00,299.94000244140625,320.1637994384766,306.73370056152345,284.8865508270264,N,N,Y
297,2021-03-09 00:00:00+00:00,311.7699890136719,320.2351989746094,306.90620056152346,285.3010507965088,N,Y,Y
298,2021-03-10 00:00:00+00:00,310.8800048828125,320.26159912109375,307.09440063476563,285.7071508026123,N,Y,Y
299,2021-03-11 00:00:00+00:00,318.0400085449219,320.3687994384766,307.37380065917966,286.15215087890624,N,Y,Y
300,2021-03-12 00:00:00+00:00,315.4599914550781,320.4187994384766,307.6433004760742,286.57800086975095,N,Y,Y
301,2021-03-15 00:00:00+00:00,318.8299865722656,320.5359991455078,307.9936004638672,287.0222007751465,N,Y,Y
302,2021-03-16 00:00:00+00:00,320.5799865722656,320.6727990722656,308.35530029296876,287.45830070495606,N,Y,Y
303,2021-03-17 00:00:00+00:00,321.8999938964844,320.92459899902343,308.7324002075195,287.8975006866455,Y,Y,Y
304,2021-03-18 00:00:00+00:00,312.0400085449219,320.92819946289063,309.01100036621096,288.2795507049561,N,Y,Y
305,2021-03-19 00:00:00+00:00,313.1400146484375,321.04019958496093,309.29500061035156,288.6618007659912,N,Y,Y
306,2021-03-22 00:00:00+00:00,318.6099853515625,321.1127990722656,309.67640045166013,289.07970069885255,N,Y,Y
307,2021-03-23 00:00:00+00:00,317.2200012207031,321.07659912109375,310.0220004272461,289.46735069274905,N,Y,Y
308,2021-03-24 00:00:00+00:00,311.8699951171875,321.0255987548828,310.4243002319336,289.8189506530762,N,Y,Y
309,2021-03-25 00:00:00+00:00,311.3299865722656,320.97379821777344,310.77369995117186,290.15910057067873,N,Y,Y
310,2021-03-26 00:00:00+00:00,316.0,320.972998046875,311.2398999023437,290.5080005645752,N,Y,Y
311,2021-03-29 00:00:00+00:00,315.9100036621094,321.0041979980469,311.6991998291016,290.9174505615234,N,Y,Y
312,2021-03-30 00:00:00+00:00,314.32000732421875,321.0533984375,312.0958999633789,291.3096505737305,N,Y,Y
313,2021-03-31 00:00:00+00:00,319.1300048828125,321.10779846191406,312.41809997558596,291.7115505981445,N,Y,Y
314,2021-04-01 00:00:00+00:00,324.57000732421875,321.123798828125,312.71989990234374,292.12015060424807,Y,Y,Y
315,2021-04-05 00:00:00+00:00,331.04998779296875,321.2175988769531,313.0842999267578,292.55730056762695,Y,Y,Y
316,2021-04-06 00:00:00+00:00,330.82000732421875,321.32559875488283,313.5066000366211,292.99000061035156,Y,Y,Y
317,2021-04-07 00:00:00+00:00,331.6199951171875,321.3957989501953,313.9885998535156,293.4269005584717,Y,Y,Y
318,2021-04-08 00:00:00+00:00,335.0799865722656,321.5255987548828,314.44179962158205,293.8686004638672,Y,Y,Y
319,2021-04-09 00:00:00+00:00,337.1099853515625,321.87919860839844,314.9288995361328,294.30995040893555,Y,Y,Y
320,2021-04-12 00:00:00+00:00,336.6700134277344,322.18619873046873,315.38629974365233,294.7747504425049,Y,Y,Y
321,2021-04-13 00:00:00+00:00,340.6000061035156,322.7069989013672,315.8602996826172,295.247600479126,Y,Y,Y
322,2021-04-14 00:00:00+00:00,336.510009765625,322.988798828125,316.3026998901367,295.7290505218506,Y,Y,Y
323,2021-04-15 00:00:00+00:00,341.6099853515625,323.2673986816406,316.81769989013674,296.22290046691893,Y,Y,Y
324,2021-04-16 00:00:00+00:00,342.010009765625,323.5799987792969,317.31399993896486,296.69495048522947,Y,Y,Y
325,2021-04-19 00:00:00+00:00,338.8800048828125,323.75279907226565,317.79899993896487,297.13690048217774,Y,Y,Y
326,2021-04-20 00:00:00+00:00,336.4100036621094,323.8537994384766,318.2591998291016,297.55800048828127,Y,Y,Y
327,2021-04-21 00:00:00+00:00,339.2900085449219,323.9679998779297,318.70739990234375,297.96250045776367,Y,Y,Y
328,2021-04-22 00:00:00+00:00,335.20001220703125,324.0017999267578,319.0966000366211,298.355450592041,Y,Y,Y
329,2021-04-23 00:00:00+00:00,339.4200134277344,324.1352001953125,319.5007000732422,298.75260070800783,Y,Y,Y
330,2021-04-26 00:00:00+00:00,341.6300048828125,324.2762005615234,319.9208001708984,299.149850769043,Y,Y,Y
331,2021-04-27 00:00:00+00:00,340.1499938964844,324.3502001953125,320.2877001953125,299.5307507324219,Y,Y,Y
332,2021-04-28 00:00:00+00:00,339.0,324.4194000244141,320.63920013427736,299.93305068969727,Y,Y,Y
333,2021-04-29 00:00:00+00:00,340.2200012207031,324.5452001953125,320.99860015869143,300.33230072021485,Y,Y,Y
334,2021-04-30 00:00:00+00:00,337.989990234375,324.6555999755859,321.32330017089845,300.7177507019043,Y,Y,Y
335,2021-05-03 00:00:00+00:00,336.19000244140625,324.7590002441406,321.6127001953125,301.10310073852537,Y,Y,Y
336,2021-05-04 00:00:00+00:00,330.1400146484375,324.9130004882812,321.83120025634764,301.4567007446289,Y,Y,Y
337,2021-05-05 00:00:00+00:00,329.0299987792969,325.06400024414063,322.1084002685547,301.76795074462893,Y,Y,Y
338,2021-05-06 00:00:00+00:00,331.510009765625,325.2116003417969,322.3983004760742,302.10550079345705,Y,Y,Y
339,2021-05-07 00:00:00+00:00,334.20001220703125,325.63900085449217,322.7218005371094,302.4518508911133,Y,Y,Y
340,2021-05-10 00:00:00+00:00,325.760009765625,325.87140075683595,322.9390005493164,302.7906008911133,N,Y,Y
341,2021-05-11 00:00:00+00:00,325.30999755859375,325.90580078125,323.11920043945315,303.1393508911133,N,Y,Y
342,2021-05-12 00:00:00+00:00,316.8900146484375,325.87560119628904,323.1983004760742,303.4232009887695,N,N,Y
343,2021-05-13 00:00:00+00:00,319.3399963378906,326.0792010498047,323.2817004394531,303.735850982666,N,N,Y
344,2021-05-14 00:00:00+00:00,326.3900146484375,326.52500122070313,323.44500061035154,304.06895111083986,N,Y,Y
345,2021-05-17 00:00:00+00:00,324.4100036621094,326.8396014404297,323.5999005126953,304.38535110473634,N,Y,Y
346,2021-05-18 00:00:00+00:00,322.2200012207031,327.28520141601564,323.7245004272461,304.66750106811526,N,N,Y
347,2021-05-19 00:00:00+00:00,322.5899963378906,327.5016015625,323.8684002685547,304.9335510253906,N,N,Y
348,2021-05-20 00:00:00+00:00,328.8299865722656,327.86060119628905,324.06110015869143,305.2258009338379,Y,Y,Y
349,2021-05-21 00:00:00+00:00,327.010009765625,328.0400012207031,324.2044003295898,305.5056010437012,N,Y,Y
350,2021-05-24 00:00:00+00:00,332.510009765625,328.38100158691407,324.3999005126953,305.7949510192871,Y,Y,Y
351,2021-05-25 00:00:00+00:00,332.9700012207031,328.66380187988284,324.5999005126953,306.1024510192871,Y,Y,Y
352,2021-05-26 00:00:00+00:00,334.1300048828125,328.93480224609374,324.8038006591797,306.4215510559082,Y,Y,Y
353,2021-05-27 00:00:00+00:00,332.8800048828125,329.15440246582034,325.03950073242186,306.76000106811523,Y,Y,Y
354,2021-05-28 00:00:00+00:00,333.92999267578125,329.5922021484375,325.26020080566406,307.07035110473635,Y,Y,Y
355,2021-06-01 00:00:00+00:00,332.82000732421875,329.9858020019531,325.513000793457,307.37205108642576,Y,Y,Y
356,2021-06-02 00:00:00+00:00,333.4700012207031,330.28300231933594,325.6979006958008,307.67860107421876,Y,Y,Y
357,2021-06-03 00:00:00+00:00,330.0,330.5386022949219,325.80760070800784,307.95200103759765,N,Y,Y
358,2021-06-04 00:00:00+00:00,335.6000061035156,331.0132025146484,326.01940063476565,308.2401510620117,Y,Y,Y
359,2021-06-07 00:00:00+00:00,336.6000061035156,331.51860290527344,326.24620056152344,308.5426510620117,Y,Y,Y
360,2021-06-08 00:00:00+00:00,336.760009765625,331.9338031005859,326.45340057373045,308.8268011474609,Y,Y,Y
361,2021-06-09 00:00:00+00:00,336.8399963378906,332.35240295410154,326.67830047607424,309.10165115356443,Y,Y,Y
362,2021-06-10 00:00:00+00:00,340.3500061035156,332.8730029296875,326.96320068359375,309.385251159668,Y,Y,Y
363,2021-06-11 00:00:00+00:00,341.239990234375,333.31520263671877,327.2115005493164,309.662151184082,Y,Y,Y
364,2021-06-14 00:00:00+00:00,344.510009765625,333.71400268554686,327.4189007568359,309.92490127563474,Y,Y,Y
365,2021-06-15 00:00:00+00:00,342.260009765625,333.938203125,327.57790100097657,310.180951385498,Y,Y,Y
366,2021-06-16 00:00:00+00:00,341.010009765625,334.14200317382813,327.73380096435545,310.4233514404297,Y,Y,Y
367,2021-06-17 00:00:00+00:00,345.3399963378906,334.41640319824216,327.9061010742187,310.67565139770505,Y,Y,Y
368,2021-06-18 00:00:00+00:00,342.6300048828125,334.5674035644531,328.04650115966797,310.88920135498046,Y,Y,Y
369,2021-06-21 00:00:00+00:00,344.3599853515625,334.7124035644531,328.2958010864258,311.09720123291015,Y,Y,Y
370,2021-06-22 00:00:00+00:00,347.57000732421875,334.93040344238284,328.5583010864258,311.3980012512207,Y,Y,Y
371,2021-06-23 00:00:00+00:00,347.739990234375,335.073203125,328.8901010131836,311.71880126953124,Y,Y,Y
372,2021-06-24 00:00:00+00:00,349.8900146484375,335.34080322265623,329.1648010253906,312.1185012817383,Y,Y,Y
373,2021-06-25 00:00:00+00:00,349.4599914550781,335.49780334472655,329.3826010131836,312.4764012145996,Y,Y,Y
374,2021-06-28 00:00:00+00:00,353.7099914550781,335.73180297851565,329.65590087890627,312.88325119018555,Y,Y,Y
375,2021-06-29 00:00:00+00:00,354.989990234375,336.0540026855469,329.90340087890627,313.30595108032225,Y,Y,Y
376,2021-06-30 00:00:00+00:00,354.42999267578125,336.41440246582033,330.13410095214846,313.7023010253906,Y,Y,Y
377,2021-07-01 00:00:00+00:00,354.57000732421875,336.7200024414062,330.344001159668,314.07985107421877,Y,Y,Y
378,2021-07-02 00:00:00+00:00,358.6400146484375,337.18880249023437,330.5953012084961,314.5000012207031,Y,Y,Y
379,2021-07-06 00:00:00+00:00,360.19000244140625,337.6042022705078,330.86970123291013,314.94935119628906,Y,Y,Y
380,2021-07-07 00:00:00+00:00,360.95001220703125,337.9906024169922,331.13340148925784,315.4197512817383,Y,Y,Y
381,2021-07-08 00:00:00+00:00,358.7699890136719,338.3630023193359,331.3566012573242,315.8760511779785,Y,Y,Y
382,2021-07-09 00:00:00+00:00,361.010009765625,338.80320251464843,331.6113012695312,316.318701171875,Y,Y,Y
383,2021-07-12 00:00:00+00:00,362.4200134277344,339.24720275878906,331.8962014770508,316.8100012207031,Y,Y,Y
384,2021-07-13 00:00:00+00:00,362.4200134277344,339.7358032226563,332.1957015991211,317.2951512145996,Y,Y,Y
385,2021-07-14 00:00:00+00:00,363.07000732421875,340.2734033203125,332.5162017822266,317.75270126342775,Y,Y,Y
386,2021-07-15 00:00:00+00:00,360.5199890136719,340.88100280761716,332.8970016479492,318.16930114746094,Y,Y,Y
387,2021-07-16 00:00:00+00:00,357.6000061035156,341.45240295410156,333.2582015991211,318.57755111694337,Y,Y,Y
388,2021-07-19 00:00:00+00:00,354.6700134277344,341.91560302734376,333.5636016845703,318.9617012023926,Y,Y,Y
389,2021-07-20 00:00:00+00:00,358.7900085449219,342.40740295410154,334.02320190429685,319.3444012451172,Y,Y,Y
390,2021-07-21 00:00:00+00:00,361.55999755859375,343.12340270996094,334.4974017333984,319.7806512451172,Y,Y,Y
391,2021-07-22 00:00:00+00:00,363.95001220703125,343.89620300292967,334.9010018920898,320.1996012878418,Y,Y,Y
392,2021-07-23 00:00:00+00:00,368.20001220703125,344.9224029541016,335.3990020751953,320.66480133056643,Y,Y,Y
393,2021-07-26 00:00:00+00:00,368.489990234375,345.90540283203126,335.99230194091797,321.1076512145996,Y,Y,Y
394,2021-07-27 00:00:00+00:00,364.42999267578125,346.6662023925781,336.5956018066406,321.52275115966796,Y,Y,Y
395,2021-07-28 00:00:00+00:00,365.8299865722656,347.4946020507812,337.16710174560546,321.9233511352539,Y,Y,Y
396,2021-07-29 00:00:00+00:00,366.4800109863281,348.37980224609373,337.8325018310547,322.28310119628907,Y,Y,Y
397,2021-07-30 00:00:00+00:00,364.57000732421875,349.21940246582034,338.36050201416015,322.6333512878418,Y,Y,Y
398,2021-08-02 00:00:00+00:00,364.6000061035156,349.9348028564453,338.8977020263672,322.9960513305664,Y,Y,Y
399,2021-08-03 00:00:00+00:00,366.80999755859375,350.7308026123047,339.3854019165039,323.3796012878418,Y,Y,Y
400,2021-08-04 00:00:00+00:00,367.3399963378906,351.42740234375,339.90420196533205,323.7737512207031,Y,Y,Y
401,2021-08-05 00:00:00+00:00,369.6700134277344,352.1614025878906,340.41260223388673,324.20310134887694,Y,Y,Y
402,2021-08-06 00:00:00+00:00,368.04998779296875,352.83980224609377,340.8873022460937,324.6213012695313,Y,Y,Y
403,2021-08-09 00:00:00+00:00,368.7300109863281,353.5568023681641,341.3556024169922,325.0440013122559,Y,Y,Y
404,2021-08-10 00:00:00+00:00,366.8399963378906,354.2150024414062,341.9036022949219,325.4573013305664,Y,Y,Y
405,2021-08-11 00:00:00+00:00,366.2099914550781,354.88280212402344,342.4343020629883,325.8646513366699,Y,Y,Y
406,2021-08-12 00:00:00+00:00,367.5299987792969,355.56400207519533,342.92350219726563,326.2999513244629,Y,Y,Y
407,2021-08-13 00:00:00+00:00,368.82000732421875,356.3404022216797,343.43950225830076,326.73075134277343,Y,Y,Y
408,2021-08-16 00:00:00+00:00,368.9800109863281,357.00800231933596,344.0106024169922,327.2174513244629,Y,Y,Y
409,2021-08-17 00:00:00+00:00,365.7300109863281,357.59060241699217,344.55460266113283,327.66415130615235,Y,Y,Y
410,2021-08-18 00:00:00+00:00,362.2099914550781,358.09960205078124,345.0167025756836,328.1283012390137,Y,Y,Y
411,2021-08-19 00:00:00+00:00,363.9599914550781,358.642001953125,345.4972024536133,328.59820114135744,Y,Y,Y
412,2021-08-20 00:00:00+00:00,367.7300109863281,359.1896020507813,346.0313024902344,329.06360122680667,Y,Y,Y
413,2021-08-23 00:00:00+00:00,373.2300109863281,359.8294024658203,346.57230255126956,329.49520126342776,Y,Y,Y
414,2021-08-24 00:00:00+00:00,374.3699951171875,360.4266021728516,347.0703024291992,329.8951011657715,Y,Y,Y
415,2021-08-25 00:00:00+00:00,374.79998779296875,361.07740173339846,347.5078024291992,330.29605117797854,Y,Y,Y
416,2021-08-26 00:00:00+00:00,372.4200134277344,361.70560180664063,347.9238024902344,330.71520126342773,Y,Y,Y
417,2021-08-27 00:00:00+00:00,376.0400085449219,362.31960205078127,348.36800262451175,331.17830123901365,Y,Y,Y
418,2021-08-30 00:00:00+00:00,380.260009765625,363.0722021484375,348.81980285644534,331.6308012390137,Y,Y,Y
419,2021-08-31 00:00:00+00:00,379.95001220703125,363.78400268554685,349.248203125,332.0885513305664,Y,Y,Y
420,2021-09-01 00:00:00+00:00,380.5799865722656,364.4442022705078,349.6873028564453,332.5368013000488,Y,Y,Y
421,2021-09-02 00:00:00+00:00,380.3999938964844,365.09740234375,350.085302734375,332.9728012084961,Y,Y,Y
422,2021-09-03 00:00:00+00:00,381.57000732421875,365.73100219726564,350.53590270996096,333.4193013000488,Y,Y,Y
423,2021-09-07 00:00:00+00:00,382.1099853515625,366.3840020751953,350.94090270996094,333.87930130004884,Y,Y,Y
424,2021-09-08 00:00:00+00:00,380.7799987792969,366.9254022216797,351.32860260009767,334.32130126953126,Y,Y,Y
425,2021-09-09 00:00:00+00:00,379.4700012207031,367.4150024414063,351.73450256347655,334.7667512512207,Y,Y,Y
426,2021-09-10 00:00:00+00:00,376.5899963378906,367.85820251464844,352.13630249023436,335.197751159668,Y,Y,Y
427,2021-09-13 00:00:00+00:00,376.3299865722656,368.29340209960935,352.5067022705078,335.60705108642577,Y,Y,Y
428,2021-09-14 00:00:00+00:00,375.260009765625,368.6258020019531,352.90730224609376,336.00195114135744,Y,Y,Y
429,2021-09-15 00:00:00+00:00,378.04998779296875,368.9830017089844,353.2936019897461,336.39715103149416,Y,Y,Y
430,2021-09-16 00:00:00+00:00,378.30999755859375,369.3302014160156,353.66040191650393,336.79060104370114,Y,Y,Y
431,2021-09-17 00:00:00+00:00,373.8299865722656,369.6314013671875,353.99720184326173,337.14245101928714,Y,Y,Y
432,2021-09-20 00:00:00+00:00,365.70001220703125,369.72520141601564,354.264201965332,337.4517010498047,N,Y,Y
433,2021-09-21 00:00:00+00:00,366.1499938964844,369.79980102539065,354.5235018920898,337.7610510253906,N,Y,Y
434,2021-09-22 00:00:00+00:00,369.57000732421875,369.9428009033203,354.8393020629883,338.08130111694334,N,Y,Y
435,2021-09-23 00:00:00+00:00,372.9800109863281,370.1410009765625,355.2072021484375,338.409951171875,Y,Y,Y
436,2021-09-24 00:00:00+00:00,373.3299865722656,370.3972009277344,355.6391018676758,338.7351510620117,Y,Y,Y
437,2021-09-27 00:00:00+00:00,370.3500061035156,370.6522009277344,356.05230194091797,339.08035110473634,N,Y,Y
438,2021-09-28 00:00:00+00:00,359.8699951171875,370.7562005615234,356.3359017944336,339.3671011352539,N,Y,Y
439,2021-09-29 00:00:00+00:00,359.2799987792969,370.76600036621096,356.5867016601562,339.6542510986328,N,Y,Y
440,2021-09-30 00:00:00+00:00,357.9599914550781,370.6940002441406,356.9087014770508,339.9238510131836,N,Y,Y
441,2021-10-01 00:00:00+00:00,360.17999267578125,370.6185998535156,357.25740142822264,340.18830093383787,N,Y,Y
442,2021-10-04 00:00:00+00:00,352.6199951171875,370.30699951171874,357.61470123291014,340.4065008544922,N,N,Y
443,2021-10-05 00:00:00+00:00,357.3800048828125,370.0847998046875,357.9951013183594,340.6384008789062,N,N,Y
444,2021-10-06 00:00:00+00:00,359.6700134277344,369.9896002197266,358.32790130615234,340.88645095825194,N,Y,Y
445,2021-10-07 00:00:00+00:00,362.9700012207031,369.9324005126953,358.7135012817383,341.1567008972168,N,Y,Y
446,2021-10-08 00:00:00+00:00,361.1600036621094,369.82600036621096,359.1029013061523,341.41370086669923,N,Y,Y
447,2021-10-11 00:00:00+00:00,358.3900146484375,369.7024005126953,359.4609014892578,341.66465087890623,N,N,Y
448,2021-10-12 00:00:00+00:00,357.1400146484375,369.55320068359373,359.7440017700195,341.90255096435544,N,N,Y
449,2021-10-13 00:00:00+00:00,360.0,369.41700073242185,360.07390167236326,342.13915100097654,N,N,Y
450,2021-10-14 00:00:00+00:00,366.6300048828125,369.4028009033203,360.4151016235352,342.4075010681152,N,Y,Y
451,2021-10-15 00:00:00+00:00,368.94000244140625,369.38820068359377,360.77480163574216,342.6873510742187,N,Y,Y
452,2021-10-18 00:00:00+00:00,372.6499938964844,369.4802008056641,361.1600015258789,342.9819010925293,Y,Y,Y
453,2021-10-19 00:00:00+00:00,375.4700012207031,369.61500061035156,361.5859014892578,343.31270111083984,Y,Y,Y
454,2021-10-20 00:00:00+00:00,374.9800109863281,369.7778009033203,361.9964016723633,343.6283012390137,Y,Y,Y
455,2021-10-21 00:00:00+00:00,377.2699890136719,369.9990008544922,362.44090148925784,343.9769511413574,Y,Y,Y
456,2021-10-22 00:00:00+00:00,374.1000061035156,370.1304010009766,362.8472015380859,344.27255111694336,Y,Y,Y
457,2021-10-25 00:00:00+00:00,377.92999267578125,370.31260070800784,363.3265014648438,344.5670510864258,Y,Y,Y
458,2021-10-26 00:00:00+00:00,379.1199951171875,370.515400390625,363.76170135498046,344.890550994873,Y,Y,Y
459,2021-10-27 00:00:00+00:00,380.0,370.8008001708984,364.1957012939453,345.22095092773435,Y,Y,Y
460,2021-10-28 00:00:00+00:00,384.2200012207031,371.2410003662109,364.6703012084961,345.5618508911133,Y,Y,Y
461,2021-10-29 00:00:00+00:00,386.1099853515625,371.68400024414063,365.16300109863283,345.9206507873535,Y,Y,Y
462,2021-11-01 00:00:00+00:00,387.42999267578125,372.0779998779297,365.6338009643555,346.2985008239746,Y,Y,Y
463,2021-11-02 00:00:00+00:00,389.04998779296875,372.3943994140625,366.1119009399414,346.6617007446289,Y,Y,Y
464,2021-11-03 00:00:00+00:00,393.17999267578125,372.7705993652344,366.59860076904295,347.0087507629394,Y,Y,Y
465,2021-11-04 00:00:00+00:00,398.2200012207031,373.23899963378904,367.15820068359375,347.36805084228513,Y,Y,Y
466,2021-11-05 00:00:00+00:00,398.6000061035156,373.76259948730467,367.73410064697265,347.73395080566405,Y,Y,Y
467,2021-11-08 00:00:00+00:00,398.05999755859375,374.20299926757815,368.2613006591797,348.08370086669925,Y,Y,Y
468,2021-11-09 00:00:00+00:00,395.32000732421875,374.50419921875,368.78820068359374,348.4173509216309,Y,Y,Y
469,2021-11-10 00:00:00+00:00,389.510009765625,374.69539916992187,369.23970092773436,348.76775100708005,Y,Y,Y
470,2021-11-11 00:00:00+00:00,390.5899963378906,374.8955993652344,369.6699008178711,349.1141009521484,Y,Y,Y
471,2021-11-12 00:00:00+00:00,394.70001220703125,375.1815997314453,370.13950103759765,349.5148010253906,Y,Y,Y
472,2021-11-15 00:00:00+00:00,394.6099853515625,375.44239929199216,370.5867007446289,349.8757508850098,Y,Y,Y
473,2021-11-16 00:00:00+00:00,397.4200134277344,375.7485998535156,371.0663009643555,350.22445098876955,Y,Y,Y
474,2021-11-17 00:00:00+00:00,397.6300048828125,376.0855999755859,371.5055010986328,350.58070098876954,Y,Y,Y
475,2021-11-18 00:00:00+00:00,401.75,376.53119995117186,371.97310119628906,350.93825103759764,Y,Y,Y
476,2021-11-19 00:00:00+00:00,403.989990234375,377.0791998291016,372.468701171875,351.30140106201173,Y,Y,Y
477,2021-11-22 00:00:00+00:00,399.29998779296875,377.5385998535156,372.9160009765625,351.63000106811523,Y,Y,Y
478,2021-11-23 00:00:00+00:00,397.4800109863281,377.9829998779297,373.3044009399414,351.94985107421877,Y,Y,Y
479,2021-11-24 00:00:00+00:00,398.760009765625,378.39720031738284,373.6901010131836,352.2799011230469,Y,Y,Y
480,2021-11-26 00:00:00+00:00,391.20001220703125,378.6550006103516,373.9926010131836,352.5630012512207,Y,Y,Y
481,2021-11-29 00:00:00+00:00,399.69000244140625,379.17220092773437,374.40180114746096,352.87920120239255,Y,Y,Y
482,2021-11-30 00:00:00+00:00,393.82000732421875,379.73460083007814,374.7299011230469,353.17060119628906,Y,Y,Y
483,2021-12-01 00:00:00+00:00,387.1199951171875,380.1540008544922,374.9769009399414,353.4365512084961,Y,Y,Y
484,2021-12-02 00:00:00+00:00,389.9100036621094,380.56080078125,375.25180084228515,353.72375122070315,Y,Y,Y
485,2021-12-03 00:00:00+00:00,383.1300048828125,380.7638006591797,375.4524008178711,353.98430130004886,Y,Y,Y
486,2021-12-06 00:00:00+00:00,386.20001220703125,381.021201171875,375.7092010498047,354.30310134887696,Y,Y,Y
487,2021-12-07 00:00:00+00:00,397.8299865722656,381.57080078125,376.1115008544922,354.68485122680664,Y,Y,Y
488,2021-12-08 00:00:00+00:00,399.6099853515625,382.3656005859375,376.56090057373046,355.0622511291504,Y,Y,Y
489,2021-12-09 00:00:00+00:00,393.7300109863281,383.05460083007813,376.91030059814454,355.4667512512207,Y,Y,Y
490,2021-12-10 00:00:00+00:00,398.010009765625,383.85560119628906,377.27480072021484,355.88610122680666,Y,Y,Y
491,2021-12-13 00:00:00+00:00,392.260009765625,384.49720153808596,377.55790069580075,356.2294512939453,Y,Y,Y
492,2021-12-14 00:00:00+00:00,388.20001220703125,385.2088018798828,377.7579006958008,356.57845138549806,Y,Y,Y
493,2021-12-15 00:00:00+00:00,397.04998779296875,386.00220153808596,378.0435006713867,357.01790130615234,Y,Y,Y
494,2021-12-16 00:00:00+00:00,386.8399963378906,386.54560119628906,378.2676007080078,357.43160125732425,Y,Y,Y
495,2021-12-17 00:00:00+00:00,384.9100036621094,386.98440124511717,378.4584008789063,357.81275131225584,N,Y,Y
496,2021-12-20 00:00:00+00:00,380.69000244140625,387.3750012207031,378.60050079345706,358.21650131225584,N,Y,Y
497,2021-12-21 00:00:00+00:00,389.2099914550781,387.99140075683596,378.84690063476563,358.6037013244629,Y,Y,Y
498,2021-12-22 00:00:00+00:00,393.95001220703125,388.7276007080078,379.1404006958008,359.019051361084,Y,Y,Y
499,2021-12-23 00:00:00+00:00,396.9200134277344,389.4660009765625,379.4415008544922,359.41345138549804,Y,Y,Y
500,2021-12-27 00:00:00+00:00,403.4800109863281,390.2030010986328,379.8029010009766,359.8535514831543,Y,Y,Y
501,2021-12-28 00:00:00+00:00,401.6099853515625,390.8564007568359,380.12230072021487,360.26745147705077,Y,Y,Y
502,2021-12-29 00:00:00+00:00,401.54998779296875,391.4344006347656,380.45730072021485,360.6723014831543,Y,Y,Y
503,2021-12-30 00:00:00+00:00,400.3500061035156,391.9320007324219,380.7735006713867,361.06455154418944,Y,Y,Y
504,2021-12-31 00:00:00+00:00,397.8500061035156,392.38940063476565,381.08360076904296,361.49360153198245,Y,Y,Y
505,2022-01-03 00:00:00+00:00,401.67999267578125,392.87760070800783,381.43830078125,361.93630142211913,Y,Y,Y
506,2022-01-04 00:00:00+00:00,396.4700012207031,393.32500061035154,381.7277008056641,362.32560150146486,Y,Y,Y
507,2022-01-05 00:00:00+00:00,384.2900085449219,393.4522009277344,381.8824008178711,362.66095153808595,N,Y,Y
508,2022-01-06 00:00:00+00:00,384.0199890136719,393.5502008056641,382.03280059814455,363.02170150756837,N,Y,Y
509,2022-01-07 00:00:00+00:00,379.8599853515625,393.54740051269533,382.1741003417969,363.36435150146485,N,N,Y
510,2022-01-10 00:00:00+00:00,380.1099853515625,393.4652001953125,382.35310028076174,363.68490142822264,N,N,Y
511,2022-01-11 00:00:00+00:00,385.82000732421875,393.45940063476564,382.57170043945314,364.0344514465332,N,Y,Y
512,2022-01-12 00:00:00+00:00,387.3500061035156,393.45780090332033,382.767900390625,364.3996014404297,N,Y,Y
513,2022-01-13 00:00:00+00:00,377.6600036621094,393.2300012207031,382.8122003173828,364.6922514343262,N,N,Y
514,2022-01-14 00:00:00+00:00,380.010009765625,392.9666015625,382.8686004638672,364.9694514465332,N,N,Y
515,2022-01-18 00:00:00+00:00,370.54998779296875,392.4132012939453,382.8261004638672,365.1669514465332,N,N,Y
516,2022-01-19 00:00:00+00:00,366.4800109863281,391.77080139160154,382.76670043945313,365.3452514648437,N,N,Y
517,2022-01-20 00:00:00+00:00,361.7200012207031,391.04400146484375,382.6235003662109,365.49575149536133,N,N,N
518,2022-01-21 00:00:00+00:00,351.69000244140625,390.1714013671875,382.3378002929687,365.57880157470703,N,N,N
519,2022-01-24 00:00:00+00:00,353.29998779296875,389.4472009277344,382.0713000488281,365.65975158691407,N,N,N
520,2022-01-25 00:00:00+00:00,345.1099853515625,388.5376007080078,381.7166000366211,365.7019514465332,N,N,N
521,2022-01-26 00:00:00+00:00,344.57000732421875,387.5350006103516,381.3583001708984,365.7218014526367,N,N,N
522,2022-01-27 00:00:00+00:00,341.1000061035156,386.4648010253906,380.9536001586914,365.7447514343262,N,N,N
523,2022-01-28 00:00:00+00:00,351.79998779296875,385.5524005126953,380.65050018310546,365.7957014465332,N,N,N
524,2022-01-31 00:00:00+00:00,363.04998779296875,384.8608001708984,380.4732000732422,365.9009013366699,N,N,N
525,2022-02-01 00:00:00+00:00,365.5199890136719,384.1361999511719,380.33369995117187,366.0341012573242,N,N,N
526,2022-02-02 00:00:00+00:00,368.489990234375,383.4261999511719,380.25269989013674,366.1945011901855,N,N,Y
527,2022-02-03 00:00:00+00:00,353.54998779296875,382.5111999511719,380.02489990234375,366.26580108642577,N,N,N
528,2022-02-04 00:00:00+00:00,358.010009765625,381.7217999267578,379.85239990234373,366.3798510742188,N,N,N
529,2022-02-07 00:00:00+00:00,355.1300048828125,380.84919982910156,379.6232000732422,366.45840103149413,N,N,N
530,2022-02-08 00:00:00+00:00,359.1199951171875,380.20759948730466,379.4313000488281,366.545850982666,N,N,N
531,2022-02-09 00:00:00+00:00,366.7300109863281,379.54839965820315,379.36030029296876,366.6787510681152,N,N,Y
532,2022-02-10 00:00:00+00:00,358.42999267578125,378.84059936523437,379.28760009765625,366.77590103149413,N,N,N
533,2022-02-11 00:00:00+00:00,347.05999755859375,378.0393994140625,379.09670013427734,366.8101010131836,N,N,N
534,2022-02-14 00:00:00+00:00,347.489990234375,377.1909991455078,378.8758999633789,366.85760101318357,N,N,N
535,2022-02-15 00:00:00+00:00,356.1300048828125,376.6509991455078,378.70739990234375,366.9573010253906,N,N,N
536,2022-02-16 00:00:00+00:00,356.0400085449219,376.0477990722656,378.5345001220703,367.08680099487304,N,N,N
537,2022-02-17 00:00:00+00:00,345.45001220703125,375.0001995849609,378.28550018310546,367.16890106201174,N,N,N
538,2022-02-18 00:00:00+00:00,341.510009765625,373.8382000732422,378.10190032958985,367.2189010620117,N,N,N
539,2022-02-22 00:00:00+00:00,338.0799865722656,372.72519958496093,377.88990020751953,367.2383009338379,N,N,N
540,2022-02-23 00:00:00+00:00,329.4200134277344,371.3533996582031,377.6045004272461,367.25660095214846,N,N,N
541,2022-02-24 00:00:00+00:00,340.489990234375,370.3179992675781,377.40760040283203,367.33250091552736,N,N,N
542,2022-02-25 00:00:00+00:00,345.7699890136719,369.46939880371093,377.3391003417969,367.47690078735354,N,N,N
543,2022-02-28 00:00:00+00:00,346.79998779296875,368.46439880371094,377.2333001708984,367.61420074462893,N,N,N
544,2022-03-01 00:00:00+00:00,341.489990234375,367.5573986816406,377.05149993896487,367.6897006225586,N,N,N
545,2022-03-02 00:00:00+00:00,347.2200012207031,366.8035986328125,376.89399993896484,367.8037506103516,N,N,N
546,2022-03-03 00:00:00+00:00,342.260009765625,366.03499877929687,376.705,367.90395065307615,N,N,N
547,2022-03-04 00:00:00+00:00,337.29998779296875,364.9967987060547,376.4940997314453,367.97750061035157,N,N,N
548,2022-03-07 00:00:00+00:00,324.8599853515625,363.6149981689453,376.1712994384766,367.95765060424804,N,N,N
549,2022-03-08 00:00:00+00:00,323.3500061035156,362.14359802246094,375.8047994995117,367.9393505859375,N,N,N
550,2022-03-09 00:00:00+00:00,334.989990234375,360.7737976074219,375.4883993530273,367.9517504882813,N,N,N
551,2022-03-10 00:00:00+00:00,331.2699890136719,359.36699768066404,375.11169921875,367.9432504272461,N,N,N
552,2022-03-11 00:00:00+00:00,324.3999938964844,357.82399780273437,374.62919921875,367.89460037231447,N,N,N
553,2022-03-14 00:00:00+00:00,318.1700134277344,356.18039794921873,374.0561993408203,367.82105041503905,N,N,N
554,2022-03-15 00:00:00+00:00,328.1499938964844,354.7863977050781,373.58789916992185,367.7921504211426,N,N,N
555,2022-03-16 00:00:00+00:00,340.32000732421875,353.5591979980469,373.21839935302734,367.82965042114256,N,N,N
556,2022-03-17 00:00:00+00:00,344.44000244140625,352.51859802246094,372.92179931640624,367.8845004272461,N,N,N
557,2022-03-18 00:00:00+00:00,351.489990234375,351.86259765625,372.6573992919922,367.991950378418,N,N,N
558,2022-03-21 00:00:00+00:00,350.0799865722656,351.18379760742187,372.36699920654297,368.06435028076174,N,N,N
559,2022-03-22 00:00:00+00:00,356.9599914550781,350.7257977294922,372.13659912109375,368.16615020751954,Y,N,N
560,2022-03-23 00:00:00+00:00,351.8299865722656,350.16019775390623,371.81269897460936,368.2415000915527,Y,N,N
561,2022-03-24 00:00:00+00:00,359.6499938964844,349.63679748535156,371.5480990600586,368.3555500793457,Y,N,N
562,2022-03-25 00:00:00+00:00,359.3500061035156,349.07679748535156,371.2672991943359,368.4505500793457,Y,N,N
563,2022-03-28 00:00:00+00:00,364.9100036621094,348.82179748535157,371.02589935302734,368.5689001464844,Y,N,N
564,2022-03-29 00:00:00+00:00,371.19000244140625,348.6453973388672,370.8059994506836,368.7023001098633,Y,Y,Y
565,2022-03-30 00:00:00+00:00,367.0899963378906,348.5761975097656,370.4946994018555,368.8264500427246,Y,N,N
566,2022-03-31 00:00:00+00:00,362.5400085449219,348.4973974609375,370.13409942626953,368.9341000366211,Y,N,N
567,2022-04-01 00:00:00+00:00,361.8500061035156,348.49999755859375,369.7719995117188,369.0166500854492,Y,N,N
568,2022-04-04 00:00:00+00:00,369.29998779296875,348.852197265625,369.51179931640627,369.15,Y,N,Y
569,2022-04-05 00:00:00+00:00,361.1000061035156,349.0081976318359,369.22769927978516,369.23370010375976,Y,N,N
570,2022-04-06 00:00:00+00:00,353.260009765625,349.1711981201172,368.8543994140625,369.2621501159668,Y,N,N
571,2022-04-07 00:00:00+00:00,354.1000061035156,349.36179809570314,368.44839935302736,369.2939501953125,Y,N,N
572,2022-04-08 00:00:00+00:00,349.1499938964844,349.5227978515625,367.9937994384766,369.2902500915527,N,N,N
573,2022-04-11 00:00:00+00:00,340.8900146484375,349.3045983886719,367.4284994506836,369.24740020751955,N,N,N
574,2022-04-12 00:00:00+00:00,339.45001220703125,348.8325988769531,366.8466995239258,369.1761003112793,N,N,N
575,2022-04-13 00:00:00+00:00,346.3500061035156,348.44919921875,366.2926995849609,369.132900390625,N,N,N
576,2022-04-14 00:00:00+00:00,338.42999267578125,347.84799926757813,365.637099609375,369.052900390625,N,N,N
577,2022-04-18 00:00:00+00:00,338.69000244140625,347.55079956054686,365.0309997558594,368.97350036621094,N,N,N
578,2022-04-19 00:00:00+00:00,346.260009765625,347.31579956054685,364.5187997436523,368.9116003417969,N,N,N
579,2022-04-20 00:00:00+00:00,341.2099914550781,347.0373992919922,363.94329956054685,368.8167002868652,N,N,N
580,2022-04-21 00:00:00+00:00,334.1499938964844,346.53799926757813,363.3727993774414,368.6827001953125,N,N,N
581,2022-04-22 00:00:00+00:00,325.3999938964844,345.7113989257812,362.62989929199216,368.5158502197266,N,N,N
582,2022-04-25 00:00:00+00:00,329.5799865722656,345.13439880371095,361.98749908447263,368.35870010375976,N,N,N
583,2022-04-26 00:00:00+00:00,317.1400146484375,344.5359991455078,361.28769927978516,368.1323001098633,N,N,N
584,2022-04-27 00:00:00+00:00,316.760009765625,343.9213995361328,360.5561993408203,367.90400009155275,N,N,N
585,2022-04-28 00:00:00+00:00,328.010009765625,343.35899963378904,360.00499938964845,367.72870010375976,N,N,N
586,2022-04-29 00:00:00+00:00,313.25,342.5031994628906,359.27549926757814,367.4923501586914,N,N,N
587,2022-05-02 00:00:00+00:00,318.4800109863281,341.96379943847654,358.48199951171875,367.2967501831055,N,N,N
588,2022-05-03 00:00:00+00:00,318.82000732421875,341.50999938964844,357.6740997314453,367.11750015258787,N,N,N
589,2022-05-04 00:00:00+00:00,329.6000061035156,341.34039978027346,357.03279968261717,366.9715501403809,N,N,N
590,2022-05-05 00:00:00+00:00,313.0,341.0119995117187,356.1826995849609,366.7287501525879,N,N,N
591,2022-05-06 00:00:00+00:00,309.25,340.38719970703124,355.3525994873047,366.4552500915527,N,N,N
592,2022-05-09 00:00:00+00:00,297.1499938964844,339.4147998046875,354.44209930419925,366.1,N,N,N
593,2022-05-10 00:00:00+00:00,300.760009765625,338.49400024414064,353.4791995239258,365.76135009765625,N,N,N
594,2022-05-11 00:00:00+00:00,291.8399963378906,337.5010003662109,352.5291995239258,365.3984001159668,N,N,N
595,2022-05-12 00:00:00+00:00,291.1499938964844,336.37960021972657,351.5915994262695,365.0250001525879,N,N,N
596,2022-05-13 00:00:00+00:00,301.94000244140625,335.57320007324216,350.80409942626954,364.7023001098633,N,N,N
597,2022-05-16 00:00:00+00:00,298.44000244140625,334.79600036621093,349.89639953613283,364.37165008544923,N,N,N
598,2022-05-17 00:00:00+00:00,306.1700134277344,334.42220092773437,349.01859954833986,364.0795001220703,N,N,N
599,2022-05-18 00:00:00+00:00,291.1400146484375,333.7780010986328,347.9607995605469,363.7011502075195,N,N,N
600,2022-05-19 00:00:00+00:00,289.5799865722656,332.86980102539064,346.82179931640627,363.3123501586914,N,N,N
601,2022-05-20 00:00:00+00:00,288.67999267578125,332.0180010986328,345.69249938964845,362.90740005493166,N,N,N
602,2022-05-23 00:00:00+00:00,293.4800109863281,331.3996014404297,344.611799621582,362.53455017089846,N,N,N
603,2022-05-24 00:00:00+00:00,287.239990234375,330.7810009765625,343.48069946289064,362.12710006713866,N,N,N
604,2022-05-25 00:00:00+00:00,291.260009765625,330.0432012939453,342.41479949951173,361.7492001342773,N,N,N
605,2022-05-26 00:00:00+00:00,299.3299865722656,329.22340087890626,341.39129943847655,361.4148001098633,N,N,N
606,2022-05-27 00:00:00+00:00,309.1000061035156,328.51660095214845,340.51759948730466,361.1226501464844,N,N,N
607,2022-05-31 00:00:00+00:00,308.2799987792969,327.6524011230469,339.75749938964844,360.81995010375977,N,N,N
608,2022-06-01 00:00:00+00:00,306.0,326.77080139160154,338.97729949951173,360.50505004882814,N,N,N
609,2022-06-02 00:00:00+00:00,314.3800048828125,325.91920166015626,338.3224996948242,360.24830001831054,N,N,N
610,2022-06-03 00:00:00+00:00,306.20001220703125,325.00660217285156,337.5833999633789,359.9682501220703,N,N,N
611,2022-06-06 00:00:00+00:00,307.2200012207031,323.95800231933595,336.7973999023437,359.68455017089843,N,N,N
612,2022-06-07 00:00:00+00:00,309.8699951171875,322.96840209960936,336.0225997924805,359.3952500915527,N,N,N
613,2022-06-08 00:00:00+00:00,307.6400146484375,321.82300231933596,335.32239990234376,359.06730010986325,N,N,N
614,2022-06-09 00:00:00+00:00,299.3999938964844,320.3872021484375,334.5162997436523,358.69245010375977,N,N,N
615,2022-06-10 00:00:00+00:00,288.8399963378906,318.8222021484375,333.6991998291016,358.26265014648436,N,N,N
616,2022-06-13 00:00:00+00:00,275.4100036621094,317.07960205078126,332.7884997558594,357.77760009765626,N,N,N
617,2022-06-14 00:00:00+00:00,275.9100036621094,315.3608020019531,331.93039978027343,357.2769500732422,N,N,N
618,2022-06-15 00:00:00+00:00,282.79998779296875,313.6308020019531,331.2414996337891,356.7896499633789,N,N,N
619,2022-06-16 00:00:00+00:00,271.3900146484375,311.83660217285154,330.4223999023437,356.2468499755859,N,N,N
620,2022-06-17 00:00:00+00:00,274.69000244140625,310.2652020263672,329.7182000732422,355.71740005493166,N,N,N
621,2022-06-21 00:00:00+00:00,281.0799865722656,308.8048016357422,329.08329986572267,355.22080001831057,N,N,N
622,2022-06-22 00:00:00+00:00,280.6700134277344,307.43520202636716,328.4789999389648,354.71630004882815,N,N,N
623,2022-06-23 00:00:00+00:00,284.8500061035156,306.31440185546876,327.8095001220703,354.2300001525879,N,N,N
624,2022-06-24 00:00:00+00:00,294.6099853515625,305.4176013183594,327.12510009765623,353.79915008544924,N,N,N
625,2022-06-27 00:00:00+00:00,292.45001220703125,304.3396014404297,326.39440032958987,353.36405014038087,N,N,N
626,2022-06-28 00:00:00+00:00,283.5400085449219,303.2418017578125,325.54490051269534,352.898800201416,N,N,N
627,2022-06-29 00:00:00+00:00,283.79998779296875,302.14400146484377,324.8474005126953,352.4361502075195,N,N,N
628,2022-06-30 00:00:00+00:00,280.2799987792969,300.8244012451172,324.07010040283205,351.96125015258787,N,N,N
629,2022-07-01 00:00:00+00:00,282.1300048828125,299.6428015136719,323.34010040283204,351.4816502380371,N,N,N
630,2022-07-05 00:00:00+00:00,286.9599914550781,298.6990014648438,322.6185003662109,351.0249002075195,N,N,N
631,2022-07-06 00:00:00+00:00,288.79998779296875,297.9670013427734,321.83920013427735,350.59975021362305,N,N,N
632,2022-07-07 00:00:00+00:00,294.9800109863281,297.2750018310547,321.2047003173828,350.2461502075195,N,N,N
633,2022-07-08 00:00:00+00:00,295.3500061035156,296.8392016601563,320.687600402832,349.8921502685547,N,N,N
634,2022-07-11 00:00:00+00:00,289.0400085449219,296.2848016357422,320.1031005859375,349.4895002746582,N,N,N
635,2022-07-12 00:00:00+00:00,286.239990234375,295.4494012451172,319.4042004394531,349.05580017089846,N,N,N
636,2022-07-13 00:00:00+00:00,285.6499938964844,294.89740112304685,318.70030029296873,348.61740020751955,N,N,N
637,2022-07-14 00:00:00+00:00,286.6700134277344,294.261201171875,318.1125003051758,348.1990002441406,N,N,N
638,2022-07-15 00:00:00+00:00,291.8699951171875,293.7222009277344,317.6161001586914,347.85900024414065,N,N,N
639,2022-07-18 00:00:00+00:00,289.3999938964844,292.91820068359374,317.1293002319336,347.50960021972656,N,N,N
640,2022-07-19 00:00:00+00:00,298.29998779296875,292.62420043945315,316.81809997558594,347.211300201416,Y,N,N
641,2022-07-20 00:00:00+00:00,303.0299987792969,292.4998004150391,316.44350006103514,346.9255502319336,Y,N,N
642,2022-07-21 00:00:00+00:00,307.3800048828125,292.70440063476565,316.0596002197266,346.69935028076173,Y,N,N
643,2022-07-22 00:00:00+00:00,301.989990234375,292.72900024414065,315.61150024414064,346.42240020751956,Y,N,N
644,2022-07-25 00:00:00+00:00,300.2699890136719,292.89760009765627,315.1993002319336,346.1254000854492,Y,N,N
645,2022-07-26 00:00:00+00:00,294.3699951171875,292.9620001220703,314.6708001708984,345.78240005493166,Y,N,N
646,2022-07-27 00:00:00+00:00,306.80999755859375,293.05940002441406,314.3163000488281,345.5106500244141,Y,N,N
647,2022-07-28 00:00:00+00:00,309.80999755859375,293.2867999267578,314.04140014648436,345.26774993896487,Y,N,N
648,2022-07-29 00:00:00+00:00,315.4599914550781,293.4725994873047,313.94740020751954,345.05934982299806,Y,Y,N
649,2022-08-01 00:00:00+00:00,315.2699890136719,293.9551989746094,313.8666000366211,344.83569976806643,Y,Y,N
650,2022-08-02 00:00:00+00:00,314.3299865722656,294.45019897460935,313.66,344.5741996765137,Y,Y,N
651,2022-08-03 00:00:00+00:00,322.8900146484375,295.1343994140625,313.57620025634765,344.3439497375488,Y,Y,N
652,2022-08-04 00:00:00+00:00,324.3999938964844,295.75279907226565,313.57620025634765,344.10269973754885,Y,Y,N
653,2022-08-05 00:00:00+00:00,321.75,296.4429992675781,313.6120001220703,343.8340997314453,Y,Y,N
654,2022-08-08 00:00:00+00:00,320.7099914550781,297.03199890136716,313.53760009765625,343.56274963378905,Y,Y,N
655,2022-08-09 00:00:00+00:00,317.0799865722656,297.3869989013672,313.3051998901367,343.26179962158204,Y,Y,N
656,2022-08-10 00:00:00+00:00,325.92999267578125,297.7235986328125,313.12009979248046,343.02094955444335,Y,Y,N
657,2022-08-11 00:00:00+00:00,324.0799865722656,298.0395983886719,312.8459997558594,342.75169952392577,Y,Y,N
658,2022-08-12 00:00:00+00:00,330.3900146484375,298.52739868164065,312.6491000366211,342.508049621582,Y,Y,N
659,2022-08-15 00:00:00+00:00,333.05999755859375,298.90099853515625,312.41010009765625,342.273349609375,Y,Y,N
660,2022-08-16 00:00:00+00:00,332.2799987792969,299.42259826660154,312.21460021972655,342.01364959716796,Y,Y,N
661,2022-08-17 00:00:00+00:00,328.489990234375,299.847998046875,311.90300018310546,341.72554962158205,Y,Y,N
662,2022-08-18 00:00:00+00:00,329.2799987792969,300.2361981201172,311.6023001098633,341.4347996520996,Y,Y,N
663,2022-08-19 00:00:00+00:00,322.8599853515625,300.5405975341797,311.18179992675783,341.1038496398926,Y,Y,N
664,2022-08-22 00:00:00+00:00,314.3599853515625,300.83979736328126,310.6134997558594,340.70974960327146,Y,Y,N
665,2022-08-23 00:00:00+00:00,314.1000061035156,301.3449975585938,310.08359985351564,340.28914962768556,Y,Y,N
666,2022-08-24 00:00:00+00:00,315.010009765625,302.1369976806641,309.60829986572264,339.8711996459961,Y,Y,N
667,2022-08-25 00:00:00+00:00,320.5799865722656,303.0303973388672,309.19559967041016,339.48379959106444,Y,Y,N
668,2022-08-26 00:00:00+00:00,307.44000244140625,303.52319763183596,308.57699981689456,339.0443995666504,Y,N,N
669,2022-08-29 00:00:00+00:00,304.4100036621094,304.18359741210935,308.01009979248045,338.6188995361328,Y,N,N
670,2022-08-30 00:00:00+00:00,301.0199890136719,304.7101971435547,307.4876995849609,338.1710494995117,N,N,N
671,2022-08-31 00:00:00+00:00,299.2699890136719,305.0739971923828,306.9393994140625,337.69389938354493,N,N,N
672,2022-09-01 00:00:00+00:00,299.3999938964844,305.4485968017578,306.4418994140625,337.21784942626954,N,N,N
673,2022-09-02 00:00:00+00:00,295.1700134277344,305.6549969482422,305.9846994018555,336.7065994262695,N,N,N
674,2022-09-06 00:00:00+00:00,293.04998779296875,305.6237969970703,305.52069915771483,336.18369934082034,N,N,N
675,2022-09-07 00:00:00+00:00,298.9700012207031,305.75419677734374,305.0468991088867,335.6697993469238,N,N,N
676,2022-09-08 00:00:00+00:00,300.5199890136719,306.09379638671874,304.6677990722656,335.15244934082034,N,N,N
677,2022-09-09 00:00:00+00:00,307.0899963378906,306.55959655761717,304.35179901123047,334.69139938354493,Y,Y,N
678,2022-09-12 00:00:00+00:00,310.739990234375,307.1687963867187,303.996598815918,334.25769927978513,Y,Y,N
679,2022-09-13 00:00:00+00:00,293.70001220703125,307.40019653320314,303.5214990234375,333.7323992919922,N,N,N
680,2022-09-14 00:00:00+00:00,296.0299987792969,307.5815966796875,303.14029907226563,333.25654922485353,N,N,N
681,2022-09-15 00:00:00+00:00,291.1000061035156,307.6275970458984,302.79729919433595,332.7135992431641,N,N,N
682,2022-09-16 00:00:00+00:00,289.32000732421875,307.51439697265624,302.39469940185546,332.19109924316405,N,N,N
683,2022-09-19 00:00:00+00:00,291.04998779296875,307.4283966064453,302.1337991333008,331.71074920654297,N,N,N
684,2022-09-20 00:00:00+00:00,288.7300109863281,307.4221966552734,301.85349914550784,331.20484924316406,N,N,N
685,2022-09-21 00:00:00+00:00,283.55999755859375,307.3685968017578,301.4089990234375,330.70699920654295,N,N,N
686,2022-09-22 00:00:00+00:00,280.07000732421875,307.2569970703125,301.0771990966797,330.1763491821289,N,N,N
687,2022-09-23 00:00:00+00:00,275.510009765625,307.03379699707034,300.64749908447266,329.5647492980957,N,N,N
688,2022-09-26 00:00:00+00:00,274.3699951171875,306.6837969970703,300.2029989624023,328.9385493469238,N,N,N
689,2022-09-27 00:00:00+00:00,274.4800109863281,306.38539733886716,299.6517990112305,328.3422993469238,N,N,N
690,2022-09-28 00:00:00+00:00,279.94000244140625,306.01819763183596,299.32119903564455,327.75194931030273,N,N,N
691,2022-09-29 00:00:00+00:00,271.8699951171875,305.39499755859373,298.9473989868164,327.14999923706057,N,N,N
692,2022-09-30 00:00:00+00:00,267.260009765625,304.59259765625,298.6484991455078,326.5452992248535,N,N,N
693,2022-10-03 00:00:00+00:00,273.5299987792969,304.0233978271484,298.3761990356445,325.92769927978514,N,N,N
694,2022-10-04 00:00:00+00:00,282.1300048828125,303.66059814453126,298.27909912109374,325.40414932250974,N,N,N
695,2022-10-05 00:00:00+00:00,281.9800109863281,303.41279846191406,298.18739929199216,324.88949935913087,N,N,N
696,2022-10-06 00:00:00+00:00,279.760009765625,302.8717987060547,297.96559936523437,324.3848493957519,N,N,N
697,2022-10-07 00:00:00+00:00,269.1000061035156,302.05759887695314,297.6721994018555,323.78429946899416,N,N,N
698,2022-10-10 00:00:00+00:00,266.4100036621094,301.07659912109375,297.2745993041992,323.1465994262695,N,N,N
699,2022-10-11 00:00:00+00:00,262.75,300.0261993408203,296.99069915771486,322.4757493591309,N,N,N
700,2022-10-12 00:00:00+00:00,262.6600036621094,298.9927996826172,296.7214993286133,321.77164932250975,N,N,N
701,2022-10-13 00:00:00+00:00,268.82000732421875,297.9113995361328,296.52289947509763,321.10769943237307,N,N,N
702,2022-10-14 00:00:00+00:00,260.739990234375,296.6381994628906,296.1954992675781,320.4036494445801,N,N,N
703,2022-10-17 00:00:00+00:00,269.3500061035156,295.59019958496094,296.0165994262695,319.74864944458005,N,N,N
704,2022-10-18 00:00:00+00:00,271.4800109863281,294.60559997558596,295.81879943847656,319.11679946899415,N,N,N
705,2022-10-19 00:00:00+00:00,270.489990234375,293.6738000488281,295.5303994750977,318.4608494567871,N,N,N
706,2022-10-20 00:00:00+00:00,269.1099853515625,292.53739990234374,295.1304992675781,317.8240493774414,N,N,N
707,2022-10-21 00:00:00+00:00,275.4200134277344,291.56420043945315,294.8018994140625,317.27969940185545,N,N,N
708,2022-10-24 00:00:00+00:00,278.45001220703125,290.525400390625,294.5263995361328,316.7518495178223,N,N,N
709,2022-10-25 00:00:00+00:00,284.2099914550781,289.5484002685547,294.22469940185545,316.27359954833986,N,N,N
710,2022-10-26 00:00:00+00:00,277.92999267578125,288.4614001464844,293.94199920654296,315.76269958496096,N,N,N
711,2022-10-27 00:00:00+00:00,272.8699951171875,287.3490002441406,293.5984991455078,315.1979495239258,N,N,N
712,2022-10-28 00:00:00+00:00,281.2200012207031,286.38780029296873,293.31199920654296,314.6672994995117,N,N,N
713,2022-10-31 00:00:00+00:00,277.95001220703125,285.48960083007813,293.0150991821289,314.16874954223636,N,N,N
714,2022-11-01 00:00:00+00:00,275.1099853515625,284.7046008300781,292.7721990966797,313.64424942016603,N,N,N
715,2022-11-02 00:00:00+00:00,265.67999267578125,283.73620056152345,292.5405990600586,313.1198994445801,N,N,N
716,2022-11-03 00:00:00+00:00,260.489990234375,282.64580017089844,292.39139892578123,312.58994934082034,N,N,N
717,2022-11-04 00:00:00+00:00,264.67999267578125,281.5278002929688,292.27909881591796,312.1047492980957,N,N,N
718,2022-11-07 00:00:00+00:00,267.5899963378906,280.7308001708984,292.1269989013672,311.68424926757814,N,N,N
719,2022-11-08 00:00:00+00:00,269.5400085449219,280.0334002685547,292.108498840332,311.26544937133787,N,N,N
720,2022-11-09 00:00:00+00:00,263.32000732421875,279.27940063476564,291.99479888916017,310.8564994812012,N,N,N
721,2022-11-10 00:00:00+00:00,282.75,278.94900085449217,292.0114990234375,310.5473994445801,Y,N,N
722,2022-11-11 00:00:00+00:00,287.9599914550781,278.72020080566404,292.08439880371094,310.2816993713379,Y,N,N
723,2022-11-14 00:00:00+00:00,285.44000244140625,278.5256005859375,292.09029876708985,309.94989944458007,Y,N,N
724,2022-11-15 00:00:00+00:00,289.3900146484375,278.45240112304685,292.0380990600586,309.58159957885744,Y,N,N
725,2022-11-16 00:00:00+00:00,285.44000244140625,278.18180114746093,291.96799896240236,309.1811996459961,Y,N,N
726,2022-11-17 00:00:00+00:00,284.80999755859375,277.8676013183594,291.98069885253904,308.7627996826172,Y,N,N
727,2022-11-18 00:00:00+00:00,284.82000732421875,277.4222015380859,291.99089904785154,308.4191497802734,Y,N,N
728,2022-11-21 00:00:00+00:00,281.8900146484375,276.8452020263672,292.00699920654296,308.0385498046875,Y,N,N
729,2022-11-22 00:00:00+00:00,285.95001220703125,276.69020202636716,292.04519927978515,307.6926498413086,Y,N,N
730,2022-11-23 00:00:00+00:00,288.82000732421875,276.54600219726564,292.06379943847656,307.3411499023438,Y,N,N
731,2022-11-25 00:00:00+00:00,286.9200134277344,276.46240234375,292.04499969482424,306.9420999145508,Y,N,N
732,2022-11-28 00:00:00+00:00,282.7099914550781,276.3302020263672,291.9222994995117,306.5634999084473,Y,N,N
733,2022-11-29 00:00:00+00:00,280.57000732421875,276.1206024169922,291.7744995117188,306.2310499572754,Y,N,N
734,2022-11-30 00:00:00+00:00,293.3599853515625,276.21320190429685,291.81769927978513,305.9603999328613,Y,Y,N
735,2022-12-01 00:00:00+00:00,293.7200012207031,276.41640197753907,291.89249938964844,305.6483499145508,Y,Y,N
736,2022-12-02 00:00:00+00:00,292.54998779296875,276.66600158691404,291.9614993286133,305.33089981079104,Y,Y,N
737,2022-12-05 00:00:00+00:00,287.6400146484375,276.9086016845703,291.9711993408203,305.0418498229981,Y,N,N
738,2022-12-06 00:00:00+00:00,281.67999267578125,277.0548016357422,291.8692993164062,304.74269973754883,Y,N,N
739,2022-12-07 00:00:00+00:00,280.5299987792969,277.17580139160157,291.78059936523437,304.454949798584,Y,N,N
740,2022-12-08 00:00:00+00:00,283.8500061035156,277.2540014648437,291.63609954833987,304.2270997619629,Y,N,N
741,2022-12-09 00:00:00+00:00,282.0400085449219,277.45740173339846,291.4261996459961,303.93484985351563,Y,N,N
742,2022-12-12 00:00:00+00:00,285.5799865722656,277.82380126953126,291.2081994628906,303.6338998413086,Y,N,N
743,2022-12-13 00:00:00+00:00,288.6499938964844,278.126201171875,291.0747994995117,303.3431498718262,Y,N,N
744,2022-12-14 00:00:00+00:00,286.510009765625,278.21380126953125,290.93719970703125,303.0682499694824,Y,N,N
745,2022-12-15 00:00:00+00:00,276.8900146484375,278.11200134277345,290.76239990234376,302.7166000366211,N,N,N
746,2022-12-16 00:00:00+00:00,274.25,278.0018011474609,290.4367999267578,302.37654998779294,N,N,N
747,2022-12-19 00:00:00+00:00,269.75,278.0148010253906,290.03619995117185,302.03880004882814,N,N,N
748,2022-12-20 00:00:00+00:00,269.5400085449219,278.07740112304685,289.57700012207033,301.76220016479493,N,N,N
749,2022-12-21 00:00:00+00:00,273.45001220703125,278.2914013671875,289.1588003540039,301.5127001953125,N,N,N
750,2022-12-22 00:00:00+00:00,266.760009765625,278.3734014892578,288.6831005859375,301.17155029296873,N,N,N
751,2022-12-23 00:00:00+00:00,267.3599853515625,278.34420104980467,288.12780029296874,300.8520002746582,N,N,N
752,2022-12-27 00:00:00+00:00,263.5799865722656,278.4010009765625,287.51960021972656,300.54790023803713,N,N,N
753,2022-12-28 00:00:00+00:00,260.1000061035156,278.2160009765625,286.9031002807617,300.257550201416,N,N,N
754,2022-12-29 00:00:00+00:00,266.44000244140625,278.1152008056641,286.360400390625,299.9490002441406,N,N,N
755,2022-12-30 00:00:00+00:00,266.2799987792969,278.0310009765625,285.85240051269534,299.578800201416,N,N,N
756,2023-01-03 00:00:00+00:00,264.4800109863281,277.9384014892578,285.23790069580076,299.17900024414064,N,N,N
757,2023-01-04 00:00:00+00:00,265.739990234375,277.74480102539064,284.65450073242187,298.7502502441406,N,N,N
758,2023-01-05 00:00:00+00:00,261.5799865722656,277.4074005126953,283.96640045166015,298.3077502441406,N,N,N
759,2023-01-06 00:00:00+00:00,268.79998779296875,277.0992004394531,283.3238003540039,297.86695022583007,N,N,N
760,2023-01-09 00:00:00+00:00,270.5400085449219,276.95140075683594,282.70640045166016,297.4605003356934,N,N,N
761,2023-01-10 00:00:00+00:00,272.8299865722656,276.9506005859375,282.14980041503907,297.0264002990723,N,N,N
762,2023-01-11 00:00:00+00:00,277.54998779296875,276.8772003173828,281.63250030517577,296.61740020751955,Y,N,N
763,2023-01-12 00:00:00+00:00,279.04998779296875,276.8991998291016,281.1944003295898,296.1881001281738,Y,N,N
764,2023-01-13 00:00:00+00:00,280.9700012207031,277.0164001464844,280.8605004882813,295.7370001220703,Y,Y,N
